organ,gene,score_signed,score_abs,rank
brain_cortex,gene_931,0.005993390059677785,0.005993390059677785,1
brain_cortex,gene_919,0.005588799102324146,0.005588799102324146,2
brain_cortex,gene_891,-0.005545805331015834,0.005545805331015834,3
brain_cortex,gene_11,-0.005536035091256396,0.005536035091256396,4
brain_cortex,gene_819,0.00546519600374537,0.00546519600374537,5
brain_cortex,gene_826,-0.005260630560197922,0.005260630560197922,6
brain_cortex,gene_998,0.005153408526127667,0.005153408526127667,7
brain_cortex,gene_205,0.00503510097241943,0.00503510097241943,8
brain_cortex,gene_135,0.00493336020495353,0.00493336020495353,9
brain_cortex,gene_65,0.004860364648227951,0.004860364648227951,10
brain_cortex,gene_757,0.004846838556875123,0.004846838556875123,11
brain_cortex,gene_217,0.004779480492106892,0.004779480492106892,12
brain_cortex,gene_670,0.004771661448487238,0.004771661448487238,13
brain_cortex,gene_333,0.004654803222546026,0.004654803222546026,14
brain_cortex,gene_462,0.004621796299201319,0.004621796299201319,15
brain_cortex,gene_464,0.004564204100398781,0.004564204100398781,16
brain_cortex,gene_202,-0.004489615247830474,0.004489615247830474,17
brain_cortex,gene_547,0.004409346689900706,0.004409346689900706,18
brain_cortex,gene_394,0.004212466275687776,0.004212466275687776,19
brain_cortex,gene_478,0.004185025881175889,0.004185025881175889,20
brain_cortex,gene_764,0.004139054611966008,0.004139054611966008,21
brain_cortex,gene_596,0.004137639578489401,0.004137639578489401,22
brain_cortex,gene_590,0.0041134976908905755,0.0041134976908905755,23
brain_cortex,gene_908,0.004047374892522703,0.004047374892522703,24
brain_cortex,gene_25,-0.004037162322259269,0.004037162322259269,25
brain_cortex,gene_800,0.004028783260098144,0.004028783260098144,26
brain_cortex,gene_783,-0.003991927603528973,0.003991927603528973,27
brain_cortex,gene_518,-0.0039906370128445405,0.0039906370128445405,28
brain_cortex,gene_628,0.003965734879197449,0.003965734879197449,29
brain_cortex,gene_294,-0.003956120786634437,0.003956120786634437,30
brain_cortex,gene_368,-0.003930292052701935,0.003930292052701935,31
brain_cortex,gene_103,-0.0038821637489773915,0.0038821637489773915,32
brain_cortex,gene_221,0.00387568481214516,0.00387568481214516,33
brain_cortex,gene_444,0.00384396516566136,0.00384396516566136,34
brain_cortex,gene_758,0.0038245541080240753,0.0038245541080240753,35
brain_cortex,gene_665,-0.003824021987142768,0.003824021987142768,36
brain_cortex,gene_359,0.003820543892787031,0.003820543892787031,37
brain_cortex,gene_64,0.003812710560717079,0.003812710560717079,38
brain_cortex,gene_537,0.00380507704909748,0.00380507704909748,39
brain_cortex,gene_926,0.003788978615133129,0.003788978615133129,40
brain_cortex,gene_958,-0.003780283418351951,0.003780283418351951,41
brain_cortex,gene_552,0.003773860788166545,0.003773860788166545,42
brain_cortex,gene_194,0.0037646839013056833,0.0037646839013056833,43
brain_cortex,gene_533,-0.0037554449499896114,0.0037554449499896114,44
brain_cortex,gene_301,0.00374137203335063,0.00374137203335063,45
brain_cortex,gene_655,-0.0037322296633078463,0.0037322296633078463,46
brain_cortex,gene_383,0.0036826908119909317,0.0036826908119909317,47
brain_cortex,gene_101,-0.003659506116106383,0.003659506116106383,48
brain_cortex,gene_86,0.003584279720128059,0.003584279720128059,49
brain_cortex,gene_172,0.003575372659829054,0.003575372659829054,50
brain_cortex,gene_997,0.0035439376117892677,0.0035439376117892677,51
brain_cortex,gene_424,0.003527256467116375,0.003527256467116375,52
brain_cortex,gene_860,0.0035271827911027833,0.0035271827911027833,53
brain_cortex,gene_837,0.0034783224418654187,0.0034783224418654187,54
brain_cortex,gene_798,-0.003469980491739852,0.003469980491739852,55
brain_cortex,gene_323,-0.003444809451872536,0.003444809451872536,56
brain_cortex,gene_598,0.003443624325528659,0.003443624325528659,57
brain_cortex,gene_164,-0.0034360343553013406,0.0034360343553013406,58
brain_cortex,gene_855,0.0034211271033933507,0.0034211271033933507,59
brain_cortex,gene_70,0.0034198624205484893,0.0034198624205484893,60
brain_cortex,gene_100,0.0034191455023696916,0.0034191455023696916,61
brain_cortex,gene_280,0.0034180327580750776,0.0034180327580750776,62
brain_cortex,gene_630,0.003412108117286828,0.003412108117286828,63
brain_cortex,gene_191,-0.0034076877722000656,0.0034076877722000656,64
brain_cortex,gene_910,-0.0034064944643224094,0.0034064944643224094,65
brain_cortex,gene_711,0.003406233804241389,0.003406233804241389,66
brain_cortex,gene_700,0.0034002511061683926,0.0034002511061683926,67
brain_cortex,gene_534,0.0033941146635509,0.0033941146635509,68
brain_cortex,gene_291,0.0033857638010760475,0.0033857638010760475,69
brain_cortex,gene_732,0.003382395172590521,0.003382395172590521,70
brain_cortex,gene_149,-0.0033651596997317052,0.0033651596997317052,71
brain_cortex,gene_399,0.0033611189275562447,0.0033611189275562447,72
brain_cortex,gene_725,0.0033534511546669623,0.0033534511546669623,73
brain_cortex,gene_986,-0.003331766661563977,0.003331766661563977,74
brain_cortex,gene_802,-0.00332053087384098,0.00332053087384098,75
brain_cortex,gene_831,-0.003314174261640627,0.003314174261640627,76
brain_cortex,gene_163,0.003310578607222462,0.003310578607222462,77
brain_cortex,gene_423,-0.00330771174981912,0.00330771174981912,78
brain_cortex,gene_226,0.0032928349979707045,0.0032928349979707045,79
brain_cortex,gene_28,0.003291483143089906,0.003291483143089906,80
brain_cortex,gene_654,-0.0032761749290653513,0.0032761749290653513,81
brain_cortex,gene_938,0.003269419418805982,0.003269419418805982,82
brain_cortex,gene_456,0.003245652758017517,0.003245652758017517,83
brain_cortex,gene_990,0.003244491840867691,0.003244491840867691,84
brain_cortex,gene_729,0.003232175975335763,0.003232175975335763,85
brain_cortex,gene_105,0.0032273474492195194,0.0032273474492195194,86
brain_cortex,gene_835,0.0032252510358486792,0.0032252510358486792,87
brain_cortex,gene_503,0.003222961584733924,0.003222961584733924,88
brain_cortex,gene_751,-0.0032217492538144242,0.0032217492538144242,89
brain_cortex,gene_298,0.0032148700421423607,0.0032148700421423607,90
brain_cortex,gene_682,0.0032095935277533984,0.0032095935277533984,91
brain_cortex,gene_740,0.0032040144590046093,0.0032040144590046093,92
brain_cortex,gene_114,0.0031896847636284534,0.0031896847636284534,93
brain_cortex,gene_82,0.0031849218114498737,0.0031849218114498737,94
brain_cortex,gene_151,0.003178799587570135,0.003178799587570135,95
brain_cortex,gene_564,-0.003178108974503686,0.003178108974503686,96
brain_cortex,gene_178,0.0031644303505139106,0.0031644303505139106,97
brain_cortex,gene_465,-0.0031432648806933128,0.0031432648806933128,98
brain_cortex,gene_866,-0.003140770800944609,0.003140770800944609,99
brain_cortex,gene_138,-0.003118656326216806,0.003118656326216806,100
brain_cortex,gene_303,0.0030946171934962746,0.0030946171934962746,101
brain_cortex,gene_996,0.0030846401806431147,0.0030846401806431147,102
brain_cortex,gene_10,-0.0030753771843307076,0.0030753771843307076,103
brain_cortex,gene_276,-0.0030503787034511266,0.0030503787034511266,104
brain_cortex,gene_626,-0.0030488840575797894,0.0030488840575797894,105
brain_cortex,gene_988,-0.0030463180605486443,0.0030463180605486443,106
brain_cortex,gene_468,0.003042279715233885,0.003042279715233885,107
brain_cortex,gene_215,-0.00303628780852689,0.00303628780852689,108
brain_cortex,gene_844,-0.0030068578272833806,0.0030068578272833806,109
brain_cortex,gene_320,0.0030033569213060054,0.0030033569213060054,110
brain_cortex,gene_565,0.0029999415011341497,0.0029999415011341497,111
brain_cortex,gene_593,0.002995327140070611,0.002995327140070611,112
brain_cortex,gene_545,-0.0029936933190961666,0.0029936933190961666,113
brain_cortex,gene_142,0.002979937187523326,0.002979937187523326,114
brain_cortex,gene_93,0.0029780880175313985,0.0029780880175313985,115
brain_cortex,gene_915,0.0029660934683233874,0.0029660934683233874,116
brain_cortex,gene_876,0.002953646973936051,0.002953646973936051,117
brain_cortex,gene_420,0.0029525372741989425,0.0029525372741989425,118
brain_cortex,gene_392,-0.0029508000635050653,0.0029508000635050653,119
brain_cortex,gene_933,-0.002950343418933904,0.002950343418933904,120
brain_cortex,gene_709,-0.0029484407158129984,0.0029484407158129984,121
brain_cortex,gene_334,-0.0029028915650306563,0.0029028915650306563,122
brain_cortex,gene_746,0.0028913560583450574,0.0028913560583450574,123
brain_cortex,gene_30,0.0028829399255924483,0.0028829399255924483,124
brain_cortex,gene_779,0.0028796555743291425,0.0028796555743291425,125
brain_cortex,gene_977,-0.0028766375228231576,0.0028766375228231576,126
brain_cortex,gene_968,0.0028647076432811993,0.0028647076432811993,127
brain_cortex,gene_1018,-0.002860858722202087,0.002860858722202087,128
brain_cortex,gene_253,-0.002856862248572589,0.002856862248572589,129
brain_cortex,gene_340,0.0028561470329557326,0.0028561470329557326,130
brain_cortex,gene_622,0.002838644059973047,0.002838644059973047,131
brain_cortex,gene_397,0.002834101198053213,0.002834101198053213,132
brain_cortex,gene_396,-0.002827706364525802,0.002827706364525802,133
brain_cortex,gene_692,-0.002806501479498624,0.002806501479498624,134
brain_cortex,gene_763,0.002788778832794673,0.002788778832794673,135
brain_cortex,gene_530,0.0027820844710572923,0.0027820844710572923,136
brain_cortex,gene_443,0.0027736235495903717,0.0027736235495903717,137
brain_cortex,gene_261,-0.0027725439566477984,0.0027725439566477984,138
brain_cortex,gene_869,0.0027592213374047197,0.0027592213374047197,139
brain_cortex,gene_839,0.0027529267626758714,0.0027529267626758714,140
brain_cortex,gene_116,0.0027461096314642373,0.0027461096314642373,141
brain_cortex,gene_230,0.002740200818254008,0.002740200818254008,142
brain_cortex,gene_521,0.0027398197361662505,0.0027398197361662505,143
brain_cortex,gene_945,-0.00273903508279757,0.00273903508279757,144
brain_cortex,gene_227,0.002730443054086889,0.002730443054086889,145
brain_cortex,gene_506,0.002729367626757292,0.002729367626757292,146
brain_cortex,gene_768,-0.0027273299274951784,0.0027273299274951784,147
brain_cortex,gene_847,-0.0027230042469082905,0.0027230042469082905,148
brain_cortex,gene_193,-0.0027113821716790065,0.0027113821716790065,149
brain_cortex,gene_442,0.0026981333161552406,0.0026981333161552406,150
brain_cortex,gene_98,0.0026902317676139923,0.0026902317676139923,151
brain_cortex,gene_578,0.002676171299098713,0.002676171299098713,152
brain_cortex,gene_954,0.0026719524238967714,0.0026719524238967714,153
brain_cortex,gene_417,0.0026712894549013686,0.0026712894549013686,154
brain_cortex,gene_286,0.002649068977634673,0.002649068977634673,155
brain_cortex,gene_581,0.002647453264544562,0.002647453264544562,156
brain_cortex,gene_1017,-0.002645056051734023,0.002645056051734023,157
brain_cortex,gene_168,0.0026437925648091997,0.0026437925648091997,158
brain_cortex,gene_553,-0.002643501819952861,0.002643501819952861,159
brain_cortex,gene_123,-0.002641454659242557,0.002641454659242557,160
brain_cortex,gene_381,-0.002641179538269594,0.002641179538269594,161
brain_cortex,gene_778,0.002638168146897185,0.002638168146897185,162
brain_cortex,gene_34,0.0026353759476610656,0.0026353759476610656,163
brain_cortex,gene_957,0.002631279969737485,0.002631279969737485,164
brain_cortex,gene_66,-0.0026297199956600973,0.0026297199956600973,165
brain_cortex,gene_730,0.0026188784791765845,0.0026188784791765845,166
brain_cortex,gene_306,0.002616006152623315,0.002616006152623315,167
brain_cortex,gene_175,0.002606470538730601,0.002606470538730601,168
brain_cortex,gene_305,0.002599274301307815,0.002599274301307815,169
brain_cortex,gene_894,0.0025957915127988677,0.0025957915127988677,170
brain_cortex,gene_480,0.0025955199682375627,0.0025955199682375627,171
brain_cortex,gene_965,0.002591411965796193,0.002591411965796193,172
brain_cortex,gene_623,0.002584821712263622,0.002584821712263622,173
brain_cortex,gene_263,-0.002579405744709575,0.002579405744709575,174
brain_cortex,gene_68,0.002575466303368401,0.002575466303368401,175
brain_cortex,gene_260,-0.0025721207927321406,0.0025721207927321406,176
brain_cortex,gene_214,-0.0025720355832736684,0.0025720355832736684,177
brain_cortex,gene_83,-0.002561462567348756,0.002561462567348756,178
brain_cortex,gene_477,0.0025522079430622064,0.0025522079430622064,179
brain_cortex,gene_543,0.0025314348861382435,0.0025314348861382435,180
brain_cortex,gene_182,0.002530591043730056,0.002530591043730056,181
brain_cortex,gene_935,0.002528425069646516,0.002528425069646516,182
brain_cortex,gene_429,-0.0025261940230001086,0.0025261940230001086,183
brain_cortex,gene_119,0.0025218572043265875,0.0025218572043265875,184
brain_cortex,gene_841,-0.0025217211070264743,0.0025217211070264743,185
brain_cortex,gene_1023,0.0025162412297896957,0.0025162412297896957,186
brain_cortex,gene_271,-0.002512524500926948,0.002512524500926948,187
brain_cortex,gene_592,0.0025051248722398754,0.0025051248722398754,188
brain_cortex,gene_355,0.0025039515621672424,0.0025039515621672424,189
brain_cortex,gene_661,0.002500625355414103,0.002500625355414103,190
brain_cortex,gene_85,0.0024983357806766643,0.0024983357806766643,191
brain_cortex,gene_761,0.002498062927629629,0.002498062927629629,192
brain_cortex,gene_936,-0.0024867440081859623,0.0024867440081859623,193
brain_cortex,gene_749,-0.002477611175977853,0.002477611175977853,194
brain_cortex,gene_793,0.002455676676541449,0.002455676676541449,195
brain_cortex,gene_881,-0.002454420728184134,0.002454420728184134,196
brain_cortex,gene_231,0.002450111682266446,0.002450111682266446,197
brain_cortex,gene_378,0.002448703717903516,0.002448703717903516,198
brain_cortex,gene_35,0.0024474253893331218,0.0024474253893331218,199
brain_cortex,gene_613,0.002438591355092291,0.002438591355092291,200
brain_cortex,gene_80,-0.0024366931941799666,0.0024366931941799666,201
brain_cortex,gene_153,-0.0024332254893009064,0.0024332254893009064,202
brain_cortex,gene_349,0.0024326975103629886,0.0024326975103629886,203
brain_cortex,gene_375,-0.002417746155096313,0.002417746155096313,204
brain_cortex,gene_482,-0.0024151649118410406,0.0024151649118410406,205
brain_cortex,gene_322,0.002402320819243955,0.002402320819243955,206
brain_cortex,gene_689,0.0023901542363610343,0.0023901542363610343,207
brain_cortex,gene_15,0.0023884771094443424,0.0023884771094443424,208
brain_cortex,gene_36,0.002380754247381033,0.002380754247381033,209
brain_cortex,gene_540,-0.0023781942241069506,0.0023781942241069506,210
brain_cortex,gene_627,-0.0023771550969461175,0.0023771550969461175,211
brain_cortex,gene_408,-0.0023600199413379556,0.0023600199413379556,212
brain_cortex,gene_825,0.0023552876357662944,0.0023552876357662944,213
brain_cortex,gene_389,0.002346816597251406,0.002346816597251406,214
brain_cortex,gene_569,-0.0023435523426057064,0.0023435523426057064,215
brain_cortex,gene_896,-0.002335793909279616,0.002335793909279616,216
brain_cortex,gene_804,0.0023312010496995762,0.0023312010496995762,217
brain_cortex,gene_648,0.002329440783813452,0.002329440783813452,218
brain_cortex,gene_515,0.0023248462231812567,0.0023248462231812567,219
brain_cortex,gene_765,-0.0023208425350722804,0.0023208425350722804,220
brain_cortex,gene_410,0.002316621803241192,0.002316621803241192,221
brain_cortex,gene_610,0.0022745024697480203,0.0022745024697480203,222
brain_cortex,gene_624,0.002264137001154917,0.002264137001154917,223
brain_cortex,gene_146,-0.0022634344336964663,0.0022634344336964663,224
brain_cortex,gene_203,-0.002251582746667262,0.002251582746667262,225
brain_cortex,gene_73,0.0022489260055962345,0.0022489260055962345,226
brain_cortex,gene_361,-0.0022419190571000827,0.0022419190571000827,227
brain_cortex,gene_845,0.002241755883283133,0.002241755883283133,228
brain_cortex,gene_71,-0.0022395860003996447,0.0022395860003996447,229
brain_cortex,gene_675,0.0022370250578625326,0.0022370250578625326,230
brain_cortex,gene_8,-0.0022355664661021226,0.0022355664661021226,231
brain_cortex,gene_820,-0.002229736570596833,0.002229736570596833,232
brain_cortex,gene_595,-0.0022292378383742223,0.0022292378383742223,233
brain_cortex,gene_293,0.00222715298329242,0.00222715298329242,234
brain_cortex,gene_481,0.00222261186934294,0.00222261186934294,235
brain_cortex,gene_316,0.0022203840229539705,0.0022203840229539705,236
brain_cortex,gene_650,0.0022203797373233267,0.0022203797373233267,237
brain_cortex,gene_987,0.002214060106088523,0.002214060106088523,238
brain_cortex,gene_474,0.0022099717835680505,0.0022099717835680505,239
brain_cortex,gene_810,-0.002204791174154199,0.002204791174154199,240
brain_cortex,gene_265,0.002202197706502381,0.002202197706502381,241
brain_cortex,gene_923,-0.0021986975816109615,0.0021986975816109615,242
brain_cortex,gene_541,0.0021870514262621495,0.0021870514262621495,243
brain_cortex,gene_326,0.002166774026162474,0.002166774026162474,244
brain_cortex,gene_794,0.00216265852120909,0.00216265852120909,245
brain_cortex,gene_225,0.002161066215858176,0.002161066215858176,246
brain_cortex,gene_864,0.0021575080990547443,0.0021575080990547443,247
brain_cortex,gene_669,0.0021570581601437705,0.0021570581601437705,248
brain_cortex,gene_528,-0.0021558447045977817,0.0021558447045977817,249
brain_cortex,gene_629,0.00213934594815938,0.00213934594815938,250
brain_cortex,gene_871,0.0021167718372972406,0.0021167718372972406,251
brain_cortex,gene_246,0.0021099737868475054,0.0021099737868475054,252
brain_cortex,gene_269,0.002105211542778085,0.002105211542778085,253
brain_cortex,gene_430,0.0021044634425326303,0.0021044634425326303,254
brain_cortex,gene_555,0.0021023426562358795,0.0021023426562358795,255
brain_cortex,gene_900,-0.0020992385489959414,0.0020992385489959414,256
brain_cortex,gene_1006,0.0020955263189357397,0.0020955263189357397,257
brain_cortex,gene_789,0.0020846197114834097,0.0020846197114834097,258
brain_cortex,gene_223,0.002083213560594149,0.002083213560594149,259
brain_cortex,gene_344,0.002072219163780172,0.002072219163780172,260
brain_cortex,gene_939,0.002071900456833124,0.002071900456833124,261
brain_cortex,gene_371,-0.0020705293553263462,0.0020705293553263462,262
brain_cortex,gene_484,0.0020641535429659287,0.0020641535429659287,263
brain_cortex,gene_716,-0.002063667709704313,0.002063667709704313,264
brain_cortex,gene_984,-0.002059959081605593,0.002059959081605593,265
brain_cortex,gene_391,-0.0020595183465606775,0.0020595183465606775,266
brain_cortex,gene_393,-0.002058845651415567,0.002058845651415567,267
brain_cortex,gene_702,0.0020562674745504155,0.0020562674745504155,268
brain_cortex,gene_963,0.002049938883758917,0.002049938883758917,269
brain_cortex,gene_529,0.002047455179307317,0.002047455179307317,270
brain_cortex,gene_99,-0.0020413493551342645,0.0020413493551342645,271
brain_cortex,gene_671,-0.002036198119027787,0.002036198119027787,272
brain_cortex,gene_770,0.002033396447046972,0.002033396447046972,273
brain_cortex,gene_158,0.0020164575852339673,0.0020164575852339673,274
brain_cortex,gene_486,0.002011245754536286,0.002011245754536286,275
brain_cortex,gene_157,-0.0020090041395102883,0.0020090041395102883,276
brain_cortex,gene_535,0.002007169489019485,0.002007169489019485,277
brain_cortex,gene_679,0.0020063245318545225,0.0020063245318545225,278
brain_cortex,gene_229,0.0019965934828461073,0.0019965934828461073,279
brain_cortex,gene_571,-0.0019924419172515735,0.0019924419172515735,280
brain_cortex,gene_663,-0.001991835954183241,0.001991835954183241,281
brain_cortex,gene_1012,0.0019856871924540803,0.0019856871924540803,282
brain_cortex,gene_155,0.0019830542874467866,0.0019830542874467866,283
brain_cortex,gene_3,-0.001981498315349438,0.001981498315349438,284
brain_cortex,gene_42,0.001974985484916052,0.001974985484916052,285
brain_cortex,gene_181,0.001972965217826065,0.001972965217826065,286
brain_cortex,gene_833,-0.0019718182075950394,0.0019718182075950394,287
brain_cortex,gene_969,-0.0019621214612365982,0.0019621214612365982,288
brain_cortex,gene_734,-0.0019595104114823237,0.0019595104114823237,289
brain_cortex,gene_937,0.0019578235316867936,0.0019578235316867936,290
brain_cortex,gene_281,0.0019543993635392958,0.0019543993635392958,291
brain_cortex,gene_357,-0.0019542731033667517,0.0019542731033667517,292
brain_cortex,gene_657,0.0019533349741440156,0.0019533349741440156,293
brain_cortex,gene_127,-0.0019531944422181975,0.0019531944422181975,294
brain_cortex,gene_74,0.001951169055040566,0.001951169055040566,295
brain_cortex,gene_289,0.001947760328701575,0.001947760328701575,296
brain_cortex,gene_916,-0.0019452153117587257,0.0019452153117587257,297
brain_cortex,gene_836,-0.0019402191204672787,0.0019402191204672787,298
brain_cortex,gene_792,-0.0019387504262933382,0.0019387504262933382,299
brain_cortex,gene_147,0.0019369882066299154,0.0019369882066299154,300
brain_cortex,gene_781,-0.001935245153907444,0.001935245153907444,301
brain_cortex,gene_582,0.001930138112891267,0.001930138112891267,302
brain_cortex,gene_514,0.0019188768615619536,0.0019188768615619536,303
brain_cortex,gene_659,-0.0019157505956049804,0.0019157505956049804,304
brain_cortex,gene_858,0.0019137915398709602,0.0019137915398709602,305
brain_cortex,gene_929,-0.001912764242898067,0.001912764242898067,306
brain_cortex,gene_180,0.0019045522450977046,0.0019045522450977046,307
brain_cortex,gene_46,0.0019022315610201632,0.0019022315610201632,308
brain_cortex,gene_698,0.0018987521085315133,0.0018987521085315133,309
brain_cortex,gene_890,0.0018974762912766074,0.0018974762912766074,310
brain_cortex,gene_137,-0.0018942990758004413,0.0018942990758004413,311
brain_cortex,gene_78,-0.0018905961097058122,0.0018905961097058122,312
brain_cortex,gene_126,0.001865677812085865,0.001865677812085865,313
brain_cortex,gene_955,0.00186534688619712,0.00186534688619712,314
brain_cortex,gene_345,0.0018632220012798698,0.0018632220012798698,315
brain_cortex,gene_441,0.0018606450984906472,0.0018606450984906472,316
brain_cortex,gene_509,-0.0018600217863408161,0.0018600217863408161,317
brain_cortex,gene_951,0.0018516948902151586,0.0018516948902151586,318
brain_cortex,gene_493,-0.0018510191303669574,0.0018510191303669574,319
brain_cortex,gene_914,0.0018466021266968673,0.0018466021266968673,320
brain_cortex,gene_331,-0.0018359402346968187,0.0018359402346968187,321
brain_cortex,gene_774,0.001834916768401157,0.001834916768401157,322
brain_cortex,gene_244,0.0018305435951307318,0.0018305435951307318,323
brain_cortex,gene_550,-0.0018242958227923484,0.0018242958227923484,324
brain_cortex,gene_40,-0.0018241512717174018,0.0018241512717174018,325
brain_cortex,gene_210,-0.0018187594000205593,0.0018187594000205593,326
brain_cortex,gene_208,0.0018179408652292566,0.0018179408652292566,327
brain_cortex,gene_136,-0.0018160674368575829,0.0018160674368575829,328
brain_cortex,gene_156,-0.0018151853080621443,0.0018151853080621443,329
brain_cortex,gene_1007,0.0018142464739673099,0.0018142464739673099,330
brain_cortex,gene_490,0.0018137819937244703,0.0018137819937244703,331
brain_cortex,gene_272,-0.0018124934319721454,0.0018124934319721454,332
brain_cortex,gene_832,0.0018060075675581202,0.0018060075675581202,333
brain_cortex,gene_247,0.0018056173607027615,0.0018056173607027615,334
brain_cortex,gene_759,0.001800349939965723,0.001800349939965723,335
brain_cortex,gene_177,-0.0017980464479393132,0.0017980464479393132,336
brain_cortex,gene_952,0.0017972981018063942,0.0017972981018063942,337
brain_cortex,gene_336,0.001794010221858495,0.001794010221858495,338
brain_cortex,gene_75,-0.0017895704526537876,0.0017895704526537876,339
brain_cortex,gene_868,-0.0017882373438487783,0.0017882373438487783,340
brain_cortex,gene_67,0.0017787517085469404,0.0017787517085469404,341
brain_cortex,gene_883,0.001767587252064053,0.001767587252064053,342
brain_cortex,gene_497,-0.0017667509490093105,0.0017667509490093105,343
brain_cortex,gene_242,0.0017646849073581408,0.0017646849073581408,344
brain_cortex,gene_618,0.0017551012121911022,0.0017551012121911022,345
brain_cortex,gene_252,0.0017539047670779915,0.0017539047670779915,346
brain_cortex,gene_409,-0.0017442190891977774,0.0017442190891977774,347
brain_cortex,gene_681,0.0017383841957322053,0.0017383841957322053,348
brain_cortex,gene_769,0.001731765707289618,0.001731765707289618,349
brain_cortex,gene_666,0.0017296492895849994,0.0017296492895849994,350
brain_cortex,gene_23,-0.0017236068397230692,0.0017236068397230692,351
brain_cortex,gene_776,-0.0017195403028346214,0.0017195403028346214,352
brain_cortex,gene_1015,0.0017050343704709595,0.0017050343704709595,353
brain_cortex,gene_251,0.0017029830664653973,0.0017029830664653973,354
brain_cortex,gene_431,0.0017014324914635544,0.0017014324914635544,355
brain_cortex,gene_266,0.0017001925485115726,0.0017001925485115726,356
brain_cortex,gene_755,-0.0016945551963796761,0.0016945551963796761,357
brain_cortex,gene_415,0.0016930255099106817,0.0016930255099106817,358
brain_cortex,gene_255,0.0016916353100708999,0.0016916353100708999,359
brain_cortex,gene_81,0.0016912613040046,0.0016912613040046,360
brain_cortex,gene_615,0.0016891637849532968,0.0016891637849532968,361
brain_cortex,gene_405,-0.0016864724161071336,0.0016864724161071336,362
brain_cortex,gene_805,-0.0016859600566208955,0.0016859600566208955,363
brain_cortex,gene_653,0.001684173030533931,0.001684173030533931,364
brain_cortex,gene_920,0.0016821866036798745,0.0016821866036798745,365
brain_cortex,gene_750,-0.0016813873777746027,0.0016813873777746027,366
brain_cortex,gene_775,0.0016812827413130952,0.0016812827413130952,367
brain_cortex,gene_591,0.0016696965345763277,0.0016696965345763277,368
brain_cortex,gene_370,0.0016668739687461854,0.0016668739687461854,369
brain_cortex,gene_637,0.0016602733825667813,0.0016602733825667813,370
brain_cortex,gene_236,-0.0016559551736851316,0.0016559551736851316,371
brain_cortex,gene_684,0.0016534564101270857,0.0016534564101270857,372
brain_cortex,gene_436,0.0016533915267455184,0.0016533915267455184,373
brain_cortex,gene_6,0.0016519179897660163,0.0016519179897660163,374
brain_cortex,gene_455,0.0016502683551081715,0.0016502683551081715,375
brain_cortex,gene_974,0.0016479093631164472,0.0016479093631164472,376
brain_cortex,gene_120,0.0016470071119882605,0.0016470071119882605,377
brain_cortex,gene_55,0.0016454091596964883,0.0016454091596964883,378
brain_cortex,gene_337,-0.0016400873607044235,0.0016400873607044235,379
brain_cortex,gene_510,0.0016385482747355022,0.0016385482747355022,380
brain_cortex,gene_597,-0.0016381040460230747,0.0016381040460230747,381
brain_cortex,gene_369,-0.0016364348323997645,0.0016364348323997645,382
brain_cortex,gene_186,0.001625621601085036,0.001625621601085036,383
brain_cortex,gene_906,0.0016195190962298481,0.0016195190962298481,384
brain_cortex,gene_88,-0.0016194651018752802,0.0016194651018752802,385
brain_cortex,gene_267,0.0016172304902712332,0.0016172304902712332,386
brain_cortex,gene_721,0.0016171758746153584,0.0016171758746153584,387
brain_cortex,gene_335,0.001616399544446883,0.001616399544446883,388
brain_cortex,gene_201,-0.0016122066229081217,0.0016122066229081217,389
brain_cortex,gene_96,0.001611983238950683,0.001611983238950683,390
brain_cortex,gene_159,0.001611517414559208,0.001611517414559208,391
brain_cortex,gene_766,-0.0016078564904330134,0.0016078564904330134,392
brain_cortex,gene_141,0.0016031941353635384,0.0016031941353635384,393
brain_cortex,gene_737,-0.0016018940239186413,0.0016018940239186413,394
brain_cortex,gene_991,-0.0016012493764688753,0.0016012493764688753,395
brain_cortex,gene_584,0.0016008108900285442,0.0016008108900285442,396
brain_cortex,gene_219,0.0015946035150470907,0.0015946035150470907,397
brain_cortex,gene_54,-0.0015922582396903637,0.0015922582396903637,398
brain_cortex,gene_0,0.0015893081347777595,0.0015893081347777595,399
brain_cortex,gene_964,-0.0015878023784459943,0.0015878023784459943,400
brain_cortex,gene_814,0.0015857109605869205,0.0015857109605869205,401
brain_cortex,gene_522,-0.0015822722381248699,0.0015822722381248699,402
brain_cortex,gene_47,0.001582097901384135,0.001582097901384135,403
brain_cortex,gene_29,-0.001578600319247417,0.001578600319247417,404
brain_cortex,gene_471,-0.0015774766888380304,0.0015774766888380304,405
brain_cortex,gene_625,-0.001570777324248883,0.001570777324248883,406
brain_cortex,gene_667,0.0015604713781577182,0.0015604713781577182,407
brain_cortex,gene_171,0.0015602820727642441,0.0015602820727642441,408
brain_cortex,gene_232,0.0015577349905699265,0.0015577349905699265,409
brain_cortex,gene_292,0.0015553254251681886,0.0015553254251681886,410
brain_cortex,gene_274,-0.0015535669017292942,0.0015535669017292942,411
brain_cortex,gene_273,0.0015511132624069467,0.0015511132624069467,412
brain_cortex,gene_450,-0.0015503726055342997,0.0015503726055342997,413
brain_cortex,gene_754,0.001548894817091587,0.001548894817091587,414
brain_cortex,gene_576,0.0015483933136009106,0.0015483933136009106,415
brain_cortex,gene_470,0.0015483116882841245,0.0015483116882841245,416
brain_cortex,gene_1009,0.0015465618398011567,0.0015465618398011567,417
brain_cortex,gene_495,-0.0015442406612900055,0.0015442406612900055,418
brain_cortex,gene_1,0.0015378558904326047,0.0015378558904326047,419
brain_cortex,gene_788,-0.0015341013888287441,0.0015341013888287441,420
brain_cortex,gene_447,0.0015267067942089877,0.0015267067942089877,421
brain_cortex,gene_638,-0.0015264843683999803,0.0015264843683999803,422
brain_cortex,gene_162,-0.0015261232051949928,0.0015261232051949928,423
brain_cortex,gene_475,-0.0015260999586232606,0.0015260999586232606,424
brain_cortex,gene_867,-0.001525140255595089,0.001525140255595089,425
brain_cortex,gene_184,-0.0015222162639337241,0.0015222162639337241,426
brain_cortex,gene_494,-0.0015190328810447233,0.0015190328810447233,427
brain_cortex,gene_644,0.0015188502254550717,0.0015188502254550717,428
brain_cortex,gene_90,-0.0015175265130901146,0.0015175265130901146,429
brain_cortex,gene_17,0.0015144869016322426,0.0015144869016322426,430
brain_cortex,gene_206,-0.001513608598993997,0.001513608598993997,431
brain_cortex,gene_953,0.0015132620508881874,0.0015132620508881874,432
brain_cortex,gene_589,-0.0015127825778490345,0.0015127825778490345,433
brain_cortex,gene_686,0.00151182597520965,0.00151182597520965,434
brain_cortex,gene_324,0.0015050988205754013,0.0015050988205754013,435
brain_cortex,gene_797,-0.001504735819004523,0.001504735819004523,436
brain_cortex,gene_690,0.0014989657105219175,0.0014989657105219175,437
brain_cortex,gene_309,-0.0014906390052267372,0.0014906390052267372,438
brain_cortex,gene_279,-0.0014807215868743548,0.0014807215868743548,439
brain_cortex,gene_39,0.0014790283334134035,0.0014790283334134035,440
brain_cortex,gene_940,0.0014727206789241257,0.0014727206789241257,441
brain_cortex,gene_932,0.001472154826436709,0.001472154826436709,442
brain_cortex,gene_557,0.0014721509737265779,0.0014721509737265779,443
brain_cortex,gene_897,-0.0014687490869947336,0.0014687490869947336,444
brain_cortex,gene_641,-0.001466611021281591,0.001466611021281591,445
brain_cortex,gene_33,-0.0014637707861888715,0.0014637707861888715,446
brain_cortex,gene_743,-0.0014630571611167812,0.0014630571611167812,447
brain_cortex,gene_852,-0.00145852746408924,0.00145852746408924,448
brain_cortex,gene_683,0.001457397734197416,0.001457397734197416,449
brain_cortex,gene_551,-0.0014567435124149446,0.0014567435124149446,450
brain_cortex,gene_762,0.001455233228205529,0.001455233228205529,451
brain_cortex,gene_414,0.0014545328217162442,0.0014545328217162442,452
brain_cortex,gene_50,0.0014495551019641526,0.0014495551019641526,453
brain_cortex,gene_912,-0.0014458601150093777,0.0014458601150093777,454
brain_cortex,gene_972,0.0014455445379220702,0.0014455445379220702,455
brain_cortex,gene_731,0.0014393183636253353,0.0014393183636253353,456
brain_cortex,gene_282,-0.001438322768311671,0.001438322768311671,457
brain_cortex,gene_966,0.001434806006939271,0.001434806006939271,458
brain_cortex,gene_190,-0.0014342988195145355,0.0014342988195145355,459
brain_cortex,gene_358,-0.0014341543504337961,0.0014341543504337961,460
brain_cortex,gene_454,-0.0014290779778466948,0.0014290779778466948,461
brain_cortex,gene_321,-0.0014275098162821187,0.0014275098162821187,462
brain_cortex,gene_13,-0.001425205634086094,0.001425205634086094,463
brain_cortex,gene_676,0.0014239685899005833,0.0014239685899005833,464
brain_cortex,gene_169,0.0014204716578091925,0.0014204716578091925,465
brain_cortex,gene_685,-0.00141996951396856,0.00141996951396856,466
brain_cortex,gene_84,0.0014185501588178833,0.0014185501588178833,467
brain_cortex,gene_948,0.0014175776231629804,0.0014175776231629804,468
brain_cortex,gene_212,0.0014149274477277098,0.0014149274477277098,469
brain_cortex,gene_89,0.001413737842042124,0.001413737842042124,470
brain_cortex,gene_854,0.0014125618742134402,0.0014125618742134402,471
brain_cortex,gene_285,0.0014124602776539748,0.0014124602776539748,472
brain_cortex,gene_603,0.0014122606593656053,0.0014122606593656053,473
brain_cortex,gene_840,-0.001408001524937638,0.001408001524937638,474
brain_cortex,gene_1016,-0.0014074168899836244,0.0014074168899836244,475
brain_cortex,gene_989,-0.001397686748083981,0.001397686748083981,476
brain_cortex,gene_668,-0.0013959659609187193,0.0013959659609187193,477
brain_cortex,gene_846,0.001386931233514225,0.001386931233514225,478
brain_cortex,gene_488,-0.0013839939799459957,0.0013839939799459957,479
brain_cortex,gene_505,0.0013827619073612926,0.0013827619073612926,480
brain_cortex,gene_874,0.0013802573597252012,0.0013802573597252012,481
brain_cortex,gene_745,0.0013792508148465568,0.0013792508148465568,482
brain_cortex,gene_583,0.0013743081632042503,0.0013743081632042503,483
brain_cortex,gene_838,0.0013733947667854177,0.0013733947667854177,484
brain_cortex,gene_240,0.0013646565172971384,0.0013646565172971384,485
brain_cortex,gene_387,-0.0013645903689505805,0.0013645903689505805,486
brain_cortex,gene_259,-0.001361411304504674,0.001361411304504674,487
brain_cortex,gene_339,0.001359779864965177,0.001359779864965177,488
brain_cortex,gene_863,0.0013527892028599587,0.0013527892028599587,489
brain_cortex,gene_179,0.001352531638687175,0.001352531638687175,490
brain_cortex,gene_487,0.0013472632916201204,0.0013472632916201204,491
brain_cortex,gene_643,-0.0013440381550192454,0.0013440381550192454,492
brain_cortex,gene_877,0.001341980310930733,0.001341980310930733,493
brain_cortex,gene_857,0.0013304043823894529,0.0013304043823894529,494
brain_cortex,gene_822,-0.001329875596237978,0.001329875596237978,495
brain_cortex,gene_241,0.0013254870676051818,0.0013254870676051818,496
brain_cortex,gene_37,0.001324244121729953,0.001324244121729953,497
brain_cortex,gene_216,-0.0013196553711567476,0.0013196553711567476,498
brain_cortex,gene_884,-0.0013175906344287359,0.0013175906344287359,499
brain_cortex,gene_110,-0.0013145134971823025,0.0013145134971823025,500
brain_cortex,gene_903,-0.0013127455148732533,0.0013127455148732533,501
brain_cortex,gene_902,0.001311087874560024,0.001311087874560024,502
brain_cortex,gene_165,0.0013086513182744084,0.0013086513182744084,503
brain_cortex,gene_994,-0.0013062038065586245,0.0013062038065586245,504
brain_cortex,gene_111,0.001304679904069562,0.001304679904069562,505
brain_cortex,gene_821,0.0013037600983851082,0.0013037600983851082,506
brain_cortex,gene_795,0.0013014819694394189,0.0013014819694394189,507
brain_cortex,gene_501,0.0013006423436786778,0.0013006423436786778,508
brain_cortex,gene_962,-0.0012987401393811742,0.0012987401393811742,509
brain_cortex,gene_642,0.0012982251205018909,0.0012982251205018909,510
brain_cortex,gene_107,-0.0012947918328458886,0.0012947918328458886,511
brain_cortex,gene_892,0.0012947646334136695,0.0012947646334136695,512
brain_cortex,gene_354,0.0012915712549844433,0.0012915712549844433,513
brain_cortex,gene_308,0.001288598446637364,0.001288598446637364,514
brain_cortex,gene_58,-0.0012879720067448858,0.0012879720067448858,515
brain_cortex,gene_44,-0.0012739295473287167,0.0012739295473287167,516
brain_cortex,gene_21,0.0012600272759390784,0.0012600272759390784,517
brain_cortex,gene_318,0.0012554000864168442,0.0012554000864168442,518
brain_cortex,gene_1004,0.0012515501990114795,0.0012515501990114795,519
brain_cortex,gene_374,0.0012512474015514423,0.0012512474015514423,520
brain_cortex,gene_607,0.0012498668494734726,0.0012498668494734726,521
brain_cortex,gene_1000,0.0012420395189292601,0.0012420395189292601,522
brain_cortex,gene_796,-0.0012397780570834204,0.0012397780570834204,523
brain_cortex,gene_302,-0.0012264252987480482,0.0012264252987480482,524
brain_cortex,gene_733,-0.0012244283393436268,0.0012244283393436268,525
brain_cortex,gene_980,0.0012235902325479987,0.0012235902325479987,526
brain_cortex,gene_799,-0.0012219675759770538,0.0012219675759770538,527
brain_cortex,gene_264,0.0012131723972425897,0.0012131723972425897,528
brain_cortex,gene_319,0.001212933468108432,0.001212933468108432,529
brain_cortex,gene_718,0.0012093404785018494,0.0012093404785018494,530
brain_cortex,gene_828,-0.0012074657359881274,0.0012074657359881274,531
brain_cortex,gene_649,0.001206576975245832,0.001206576975245832,532
brain_cortex,gene_753,-0.0012062444054697125,0.0012062444054697125,533
brain_cortex,gene_278,-0.0012052583228618697,0.0012052583228618697,534
brain_cortex,gene_395,-0.0011989385638490045,0.0011989385638490045,535
brain_cortex,gene_48,0.0011964448336996424,0.0011964448336996424,536
brain_cortex,gene_739,-0.0011933949825393988,0.0011933949825393988,537
brain_cortex,gene_245,0.0011889976068522605,0.0011889976068522605,538
brain_cortex,gene_31,-0.0011850095638570959,0.0011850095638570959,539
brain_cortex,gene_947,0.0011840774576726914,0.0011840774576726914,540
brain_cortex,gene_823,0.0011798352928845987,0.0011798352928845987,541
brain_cortex,gene_20,0.0011791321384636458,0.0011791321384636458,542
brain_cortex,gene_364,0.0011747667848721775,0.0011747667848721775,543
brain_cortex,gene_160,0.0011729864289384392,0.0011729864289384392,544
brain_cortex,gene_416,-0.0011716602494968652,0.0011716602494968652,545
brain_cortex,gene_652,-0.0011709323085071087,0.0011709323085071087,546
brain_cortex,gene_122,0.0011665643084176906,0.0011665643084176906,547
brain_cortex,gene_542,-0.0011636341447396556,0.0011636341447396556,548
brain_cortex,gene_125,-0.0011597780969524229,0.0011597780969524229,549
brain_cortex,gene_386,0.001158041805667588,0.001158041805667588,550
brain_cortex,gene_651,0.0011548946344208868,0.0011548946344208868,551
brain_cortex,gene_760,-0.0011509021277997446,0.0011509021277997446,552
brain_cortex,gene_449,0.0011497252737797587,0.0011497252737797587,553
brain_cortex,gene_385,0.0011485480848449736,0.0011485480848449736,554
brain_cortex,gene_639,-0.001148507850270337,0.001148507850270337,555
brain_cortex,gene_961,-0.0011425494786047095,0.0011425494786047095,556
brain_cortex,gene_183,-0.0011405322046871094,0.0011405322046871094,557
brain_cortex,gene_672,-0.0011387724169363608,0.0011387724169363608,558
brain_cortex,gene_189,0.0011383742090672003,0.0011383742090672003,559
brain_cortex,gene_327,0.0011377794991763077,0.0011377794991763077,560
brain_cortex,gene_807,0.0011354790803486353,0.0011354790803486353,561
brain_cortex,gene_1002,0.0011338782623874957,0.0011338782623874957,562
brain_cortex,gene_188,0.001133673644822537,0.001133673644822537,563
brain_cortex,gene_656,0.0011333791237169086,0.0011333791237169086,564
brain_cortex,gene_211,0.0011329884118018913,0.0011329884118018913,565
brain_cortex,gene_586,-0.0011310157720394543,0.0011310157720394543,566
brain_cortex,gene_901,-0.0011258401582846652,0.0011258401582846652,567
brain_cortex,gene_566,0.001120343631046986,0.001120343631046986,568
brain_cortex,gene_388,0.0011132159479157228,0.0011132159479157228,569
brain_cortex,gene_1005,-0.0011082060541081045,0.0011082060541081045,570
brain_cortex,gene_348,-0.0011079482955388227,0.0011079482955388227,571
brain_cortex,gene_889,-0.0011049599559900464,0.0011049599559900464,572
brain_cortex,gene_404,0.0011043094342499532,0.0011043094342499532,573
brain_cortex,gene_873,0.0011021058980291336,0.0011021058980291336,574
brain_cortex,gene_466,0.0011017341896990612,0.0011017341896990612,575
brain_cortex,gene_314,-0.0011014199822941533,0.0011014199822941533,576
brain_cortex,gene_129,-0.0010963653501589242,0.0010963653501589242,577
brain_cortex,gene_611,-0.001094281720621433,0.001094281720621433,578
brain_cortex,gene_816,0.0010934054976676098,0.0010934054976676098,579
brain_cortex,gene_895,-0.0010926409831310672,0.0010926409831310672,580
brain_cortex,gene_909,0.0010888829354001655,0.0010888829354001655,581
brain_cortex,gene_959,0.001087176846255455,0.001087176846255455,582
brain_cortex,gene_94,-0.0010851717797132248,0.0010851717797132248,583
brain_cortex,gene_735,-0.0010826193041258733,0.0010826193041258733,584
brain_cortex,gene_446,-0.0010800877123379414,0.0010800877123379414,585
brain_cortex,gene_460,-0.0010777908836705995,0.0010777908836705995,586
brain_cortex,gene_636,0.0010744678965633745,0.0010744678965633745,587
brain_cortex,gene_747,-0.001073125541067408,0.001073125541067408,588
brain_cortex,gene_222,0.001068472581782786,0.001068472581782786,589
brain_cortex,gene_801,0.0010668222102308811,0.0010668222102308811,590
brain_cortex,gene_220,-0.0010585390280205577,0.0010585390280205577,591
brain_cortex,gene_531,-0.0010569326996139705,0.0010569326996139705,592
brain_cortex,gene_658,0.0010476754918939432,0.0010476754918939432,593
brain_cortex,gene_1022,-0.0010468751276966682,0.0010468751276966682,594
brain_cortex,gene_32,-0.0010465058001032457,0.0010465058001032457,595
brain_cortex,gene_878,0.001045152120389268,0.001045152120389268,596
brain_cortex,gene_473,0.0010440066795577953,0.0010440066795577953,597
brain_cortex,gene_784,0.001040230587364407,0.001040230587364407,598
brain_cortex,gene_350,0.0010361169541085171,0.0010361169541085171,599
brain_cortex,gene_87,0.0010340721166523766,0.0010340721166523766,600
brain_cortex,gene_1020,-0.0010335342575359886,0.0010335342575359886,601
brain_cortex,gene_476,-0.0010322554989795531,0.0010322554989795531,602
brain_cortex,gene_1019,0.0010223846557020676,0.0010223846557020676,603
brain_cortex,gene_585,0.0010216881709932436,0.0010216881709932436,604
brain_cortex,gene_492,-0.0010196470378483714,0.0010196470378483714,605
brain_cortex,gene_235,0.0010180728233913,0.0010180728233913,606
brain_cortex,gene_513,0.0010139766836655152,0.0010139766836655152,607
brain_cortex,gene_328,-0.001013552880922949,0.001013552880922949,608
brain_cortex,gene_440,0.0010115430698199382,0.0010115430698199382,609
brain_cortex,gene_313,-0.0010115204180288408,0.0010115204180288408,610
brain_cortex,gene_674,-0.0010006202454298956,0.0010006202454298956,611
brain_cortex,gene_782,-0.000998522204216284,0.000998522204216284,612
brain_cortex,gene_829,0.0009962473050371613,0.0009962473050371613,613
brain_cortex,gene_809,0.0009947948005618581,0.0009947948005618581,614
brain_cortex,gene_134,0.000992433009842128,0.000992433009842128,615
brain_cortex,gene_104,0.000989522845394759,0.000989522845394759,616
brain_cortex,gene_882,-0.0009893331217393367,0.0009893331217393367,617
brain_cortex,gene_673,0.0009893210898630621,0.0009893210898630621,618
brain_cortex,gene_979,0.0009888895648528218,0.0009888895648528218,619
brain_cortex,gene_284,-0.0009863479215059066,0.0009863479215059066,620
brain_cortex,gene_913,0.000986331717023455,0.000986331717023455,621
brain_cortex,gene_256,0.0009855957817445492,0.0009855957817445492,622
brain_cortex,gene_200,-0.0009852442900016264,0.0009852442900016264,623
brain_cortex,gene_204,0.0009815141170024006,0.0009815141170024006,624
brain_cortex,gene_1014,-0.0009782448636479594,0.0009782448636479594,625
brain_cortex,gene_817,-0.0009764385425984046,0.0009764385425984046,626
brain_cortex,gene_930,-0.0009717980898405003,0.0009717980898405003,627
brain_cortex,gene_695,-0.0009693827561137968,0.0009693827561137968,628
brain_cortex,gene_678,-0.0009664647945853964,0.0009664647945853964,629
brain_cortex,gene_311,0.0009662587447512937,0.0009662587447512937,630
brain_cortex,gene_342,0.0009660616559273157,0.0009660616559273157,631
brain_cortex,gene_921,-0.0009655947226852102,0.0009655947226852102,632
brain_cortex,gene_848,-0.000965406608143021,0.000965406608143021,633
brain_cortex,gene_379,-0.0009557515214717342,0.0009557515214717342,634
brain_cortex,gene_720,-0.0009553944861686831,0.0009553944861686831,635
brain_cortex,gene_767,-0.0009526074578211545,0.0009526074578211545,636
brain_cortex,gene_457,-0.0009496255156018799,0.0009496255156018799,637
brain_cortex,gene_888,-0.000945158529612127,0.000945158529612127,638
brain_cortex,gene_2,0.0009424250547289312,0.0009424250547289312,639
brain_cortex,gene_43,0.000941987110774301,0.000941987110774301,640
brain_cortex,gene_234,0.0009413357391086434,0.0009413357391086434,641
brain_cortex,gene_469,0.0009406019746701282,0.0009406019746701282,642
brain_cortex,gene_898,0.0009371743433954344,0.0009371743433954344,643
brain_cortex,gene_714,0.000935551032754335,0.000935551032754335,644
brain_cortex,gene_18,-0.0009339633230429728,0.0009339633230429728,645
brain_cortex,gene_76,0.0009324333166320234,0.0009324333166320234,646
brain_cortex,gene_946,-0.0009321959716220077,0.0009321959716220077,647
brain_cortex,gene_924,0.000931179611876716,0.000931179611876716,648
brain_cortex,gene_813,0.0009309621992593826,0.0009309621992593826,649
brain_cortex,gene_412,0.0009280754017577221,0.0009280754017577221,650
brain_cortex,gene_196,-0.0009251803623575982,0.0009251803623575982,651
brain_cortex,gene_879,-0.0009246706350170867,0.0009246706350170867,652
brain_cortex,gene_176,-0.0009181325576821611,0.0009181325576821611,653
brain_cortex,gene_150,0.0009172956866423151,0.0009172956866423151,654
brain_cortex,gene_983,0.0009164196240950843,0.0009164196240950843,655
brain_cortex,gene_479,0.0009139232740958151,0.0009139232740958151,656
brain_cortex,gene_366,0.0009111173623916056,0.0009111173623916056,657
brain_cortex,gene_859,-0.0009064677290243677,0.0009064677290243677,658
brain_cortex,gene_723,-0.000903673488008053,0.000903673488008053,659
brain_cortex,gene_52,-0.0008999134258778971,0.0008999134258778971,660
brain_cortex,gene_49,0.000890110789463351,0.000890110789463351,661
brain_cortex,gene_601,-0.0008899741106304114,0.0008899741106304114,662
brain_cortex,gene_170,0.0008814838980067016,0.0008814838980067016,663
brain_cortex,gene_360,-0.0008751854598220862,0.0008751854598220862,664
brain_cortex,gene_353,0.0008708023140570329,0.0008708023140570329,665
brain_cortex,gene_790,-0.0008705875170417107,0.0008705875170417107,666
brain_cortex,gene_928,0.0008695459104765118,0.0008695459104765118,667
brain_cortex,gene_771,-0.0008676768243346508,0.0008676768243346508,668
brain_cortex,gene_608,-0.0008667027569082483,0.0008667027569082483,669
brain_cortex,gene_696,-0.0008664845770908705,0.0008664845770908705,670
brain_cortex,gene_258,0.0008648273049577298,0.0008648273049577298,671
brain_cortex,gene_975,-0.0008620829497874456,0.0008620829497874456,672
brain_cortex,gene_588,0.0008562601426162395,0.0008562601426162395,673
brain_cortex,gene_445,-0.0008557972819138995,0.0008557972819138995,674
brain_cortex,gene_851,0.0008498539065324048,0.0008498539065324048,675
brain_cortex,gene_485,0.0008487129391580981,0.0008487129391580981,676
brain_cortex,gene_647,0.000841009218438826,0.000841009218438826,677
brain_cortex,gene_268,0.0008351586431407517,0.0008351586431407517,678
brain_cortex,gene_419,-0.000834727871591578,0.000834727871591578,679
brain_cortex,gene_600,-0.0008308645333864708,0.0008308645333864708,680
brain_cortex,gene_773,0.0008299602855820771,0.0008299602855820771,681
brain_cortex,gene_5,-0.0008285825106896671,0.0008285825106896671,682
brain_cortex,gene_724,-0.0008268958893939715,0.0008268958893939715,683
brain_cortex,gene_14,0.000823593011184954,0.000823593011184954,684
brain_cortex,gene_312,0.0008185731256974448,0.0008185731256974448,685
brain_cortex,gene_413,-0.0008170224371766056,0.0008170224371766056,686
brain_cortex,gene_437,0.000815414846934914,0.000815414846934914,687
brain_cortex,gene_572,-0.0008143908305280536,0.0008143908305280536,688
brain_cortex,gene_277,0.000813460160362235,0.000813460160362235,689
brain_cortex,gene_818,0.0008112920536511119,0.0008112920536511119,690
brain_cortex,gene_426,-0.0008111009310891107,0.0008111009310891107,691
brain_cortex,gene_862,0.0008026362803172922,0.0008026362803172922,692
brain_cortex,gene_620,-0.0007979893269257784,0.0007979893269257784,693
brain_cortex,gene_461,-0.0007970116310956671,0.0007970116310956671,694
brain_cortex,gene_346,0.0007967046254869355,0.0007967046254869355,695
brain_cortex,gene_880,-0.0007963712193607133,0.0007963712193607133,696
brain_cortex,gene_785,-0.0007955094791807855,0.0007955094791807855,697
brain_cortex,gene_239,0.0007951900668039216,0.0007951900668039216,698
brain_cortex,gene_24,-0.0007929742670637245,0.0007929742670637245,699
brain_cortex,gene_53,-0.0007879649558104189,0.0007879649558104189,700
brain_cortex,gene_243,-0.0007860832091588641,0.0007860832091588641,701
brain_cortex,gene_228,-0.0007849971271459246,0.0007849971271459246,702
brain_cortex,gene_330,0.0007799461371816871,0.0007799461371816871,703
brain_cortex,gene_532,0.0007740041025428984,0.0007740041025428984,704
brain_cortex,gene_458,-0.0007693979006040286,0.0007693979006040286,705
brain_cortex,gene_554,0.000768921300082069,0.000768921300082069,706
brain_cortex,gene_715,0.0007688826412174134,0.0007688826412174134,707
brain_cortex,gene_703,-0.0007655040422558098,0.0007655040422558098,708
brain_cortex,gene_296,-0.0007642302994814766,0.0007642302994814766,709
brain_cortex,gene_254,-0.0007623220406267684,0.0007623220406267684,710
brain_cortex,gene_347,-0.0007622487862480943,0.0007622487862480943,711
brain_cortex,gene_927,-0.0007600323651530572,0.0007600323651530572,712
brain_cortex,gene_166,-0.0007594397127388846,0.0007594397127388846,713
brain_cortex,gene_108,-0.0007535224220099922,0.0007535224220099922,714
brain_cortex,gene_870,-0.0007518148091736946,0.0007518148091736946,715
brain_cortex,gene_688,-0.0007478539034566597,0.0007478539034566597,716
brain_cortex,gene_520,-0.0007470939457784069,0.0007470939457784069,717
brain_cortex,gene_113,0.0007425390729033209,0.0007425390729033209,718
brain_cortex,gene_856,-0.0007424982874890235,0.0007424982874890235,719
brain_cortex,gene_719,-0.00074217483206252,0.00074217483206252,720
brain_cortex,gene_507,0.0007421605128627622,0.0007421605128627622,721
brain_cortex,gene_786,0.0007385478577797117,0.0007385478577797117,722
brain_cortex,gene_1001,-0.0007366365983990395,0.0007366365983990395,723
brain_cortex,gene_853,-0.000735156627261762,0.000735156627261762,724
brain_cortex,gene_376,-0.0007344163908866109,0.0007344163908866109,725
brain_cortex,gene_209,0.0007338175579092872,0.0007338175579092872,726
brain_cortex,gene_568,0.0007320232283869494,0.0007320232283869494,727
brain_cortex,gene_617,-0.0007300803192300783,0.0007300803192300783,728
brain_cortex,gene_697,0.0007283553034966594,0.0007283553034966594,729
brain_cortex,gene_95,-0.0007198199379892501,0.0007198199379892501,730
brain_cortex,gene_377,-0.0007190776647360476,0.0007190776647360476,731
brain_cortex,gene_995,-0.0007189251217876128,0.0007189251217876128,732
brain_cortex,gene_587,0.0007185746860158338,0.0007185746860158338,733
brain_cortex,gene_917,0.0007183222522609413,0.0007183222522609413,734
brain_cortex,gene_51,0.0007182888892582411,0.0007182888892582411,735
brain_cortex,gene_38,0.000709910546721362,0.000709910546721362,736
brain_cortex,gene_560,0.0007091132877628474,0.0007091132877628474,737
brain_cortex,gene_525,0.0007075567666637652,0.0007075567666637652,738
brain_cortex,gene_549,-0.0007047882255655764,0.0007047882255655764,739
brain_cortex,gene_850,-0.0006996620339664774,0.0006996620339664774,740
brain_cortex,gene_973,-0.0006986787084374791,0.0006986787084374791,741
brain_cortex,gene_967,0.0006974051438130926,0.0006974051438130926,742
brain_cortex,gene_338,0.0006938913122806853,0.0006938913122806853,743
brain_cortex,gene_185,-0.0006906241665108805,0.0006906241665108805,744
brain_cortex,gene_538,0.0006837742419903877,0.0006837742419903877,745
brain_cortex,gene_262,-0.0006705575101396328,0.0006705575101396328,746
brain_cortex,gene_887,-0.0006702846832314954,0.0006702846832314954,747
brain_cortex,gene_57,-0.0006648054826153703,0.0006648054826153703,748
brain_cortex,gene_297,0.0006640447486659094,0.0006640447486659094,749
brain_cortex,gene_173,0.000660817970474812,0.000660817970474812,750
brain_cortex,gene_117,0.0006598007955572696,0.0006598007955572696,751
brain_cortex,gene_736,-0.0006591498630011903,0.0006591498630011903,752
brain_cortex,gene_727,-0.0006542061485032113,0.0006542061485032113,753
brain_cortex,gene_907,0.0006525425138179108,0.0006525425138179108,754
brain_cortex,gene_612,0.0006525248797586281,0.0006525248797586281,755
brain_cortex,gene_238,-0.0006522720171920536,0.0006522720171920536,756
brain_cortex,gene_621,0.0006502165360036466,0.0006502165360036466,757
brain_cortex,gene_435,-0.0006497510252159998,0.0006497510252159998,758
brain_cortex,gene_1013,-0.0006494014565932259,0.0006494014565932259,759
brain_cortex,gene_574,-0.0006481409145111422,0.0006481409145111422,760
brain_cortex,gene_233,0.0006467322016086716,0.0006467322016086716,761
brain_cortex,gene_139,0.0006466472831839566,0.0006466472831839566,762
brain_cortex,gene_707,0.000643859330293735,0.000643859330293735,763
brain_cortex,gene_433,-0.0006435427589393087,0.0006435427589393087,764
brain_cortex,gene_112,0.0006388378929807135,0.0006388378929807135,765
brain_cortex,gene_406,0.0006383952264631088,0.0006383952264631088,766
brain_cortex,gene_526,-0.0006371337362066098,0.0006371337362066098,767
brain_cortex,gene_646,0.0006310921240254749,0.0006310921240254749,768
brain_cortex,gene_942,-0.0006301711568577689,0.0006301711568577689,769
brain_cortex,gene_536,-0.0006252122751337713,0.0006252122751337713,770
brain_cortex,gene_352,-0.0006228076732213059,0.0006228076732213059,771
brain_cortex,gene_922,-0.0006164587270173588,0.0006164587270173588,772
brain_cortex,gene_971,0.0006151801592019223,0.0006151801592019223,773
brain_cortex,gene_635,-0.0006134110658414568,0.0006134110658414568,774
brain_cortex,gene_710,0.0006130163254698716,0.0006130163254698716,775
brain_cortex,gene_143,0.0006087747775110296,0.0006087747775110296,776
brain_cortex,gene_390,0.000607256273576101,0.000607256273576101,777
brain_cortex,gene_570,0.0006060322452546531,0.0006060322452546531,778
brain_cortex,gene_402,0.000602527486603449,0.000602527486603449,779
brain_cortex,gene_451,-0.0006021595340129411,0.0006021595340129411,780
brain_cortex,gene_905,0.0005946596669662895,0.0005946596669662895,781
brain_cortex,gene_558,-0.0005912308841662358,0.0005912308841662358,782
brain_cortex,gene_791,-0.0005907906175562814,0.0005907906175562814,783
brain_cortex,gene_827,0.0005845942833280682,0.0005845942833280682,784
brain_cortex,gene_728,0.0005826936041352709,0.0005826936041352709,785
brain_cortex,gene_577,-0.000573734188263948,0.000573734188263948,786
brain_cortex,gene_925,0.0005733725088594304,0.0005733725088594304,787
brain_cortex,gene_705,-0.000572029526270867,0.000572029526270867,788
brain_cortex,gene_290,0.000571587253499176,0.000571587253499176,789
brain_cortex,gene_712,-0.0005708808805524268,0.0005708808805524268,790
brain_cortex,gene_815,-0.0005668007223562398,0.0005668007223562398,791
brain_cortex,gene_904,0.0005649508734469296,0.0005649508734469296,792
brain_cortex,gene_780,0.0005594611315131619,0.0005594611315131619,793
brain_cortex,gene_448,-0.0005591405643108761,0.0005591405643108761,794
brain_cortex,gene_307,-0.0005569001212540032,0.0005569001212540032,795
brain_cortex,gene_283,0.0005558866894751841,0.0005558866894751841,796
brain_cortex,gene_128,-0.0005535855332494961,0.0005535855332494961,797
brain_cortex,gene_1011,-0.0005532138435552372,0.0005532138435552372,798
brain_cortex,gene_332,-0.0005518691580076879,0.0005518691580076879,799
brain_cortex,gene_382,0.0005501577368394643,0.0005501577368394643,800
brain_cortex,gene_677,-0.000544722136613132,0.000544722136613132,801
brain_cortex,gene_373,0.0005421381531291833,0.0005421381531291833,802
brain_cortex,gene_573,-0.0005411370977425324,0.0005411370977425324,803
brain_cortex,gene_72,0.0005363423111515924,0.0005363423111515924,804
brain_cortex,gene_834,-0.000533278475822601,0.000533278475822601,805
brain_cortex,gene_45,-0.000524562058373136,0.000524562058373136,806
brain_cortex,gene_257,0.0005239977265794881,0.0005239977265794881,807
brain_cortex,gene_295,0.0005166551399319952,0.0005166551399319952,808
brain_cortex,gene_699,0.0005148396489976748,0.0005148396489976748,809
brain_cortex,gene_664,0.0005128816730724291,0.0005128816730724291,810
brain_cortex,gene_567,0.000511680209617299,0.000511680209617299,811
brain_cortex,gene_133,0.000508992643442539,0.000508992643442539,812
brain_cortex,gene_893,-0.0005089722633150639,0.0005089722633150639,813
brain_cortex,gene_701,0.0005067293985935772,0.0005067293985935772,814
brain_cortex,gene_22,0.0005034730401538396,0.0005034730401538396,815
brain_cortex,gene_606,0.0005034707280378496,0.0005034707280378496,816
brain_cortex,gene_708,0.0005027380090977801,0.0005027380090977801,817
brain_cortex,gene_691,-0.0004996688354996846,0.0004996688354996846,818
brain_cortex,gene_372,0.000499027193637865,0.000499027193637865,819
brain_cortex,gene_500,-0.0004985647587755612,0.0004985647587755612,820
brain_cortex,gene_467,0.0004965331127426177,0.0004965331127426177,821
brain_cortex,gene_523,-0.0004960268549934774,0.0004960268549934774,822
brain_cortex,gene_806,-0.0004957589333059628,0.0004957589333059628,823
brain_cortex,gene_63,0.0004910244527224108,0.0004910244527224108,824
brain_cortex,gene_1010,0.00048733473281622125,0.00048733473281622125,825
brain_cortex,gene_317,0.0004872266448936758,0.0004872266448936758,826
brain_cortex,gene_660,-0.0004872077872174359,0.0004872077872174359,827
brain_cortex,gene_594,-0.0004862709506839981,0.0004862709506839981,828
brain_cortex,gene_288,0.00048359443830379967,0.00048359443830379967,829
brain_cortex,gene_299,-0.00048293425479466575,0.00048293425479466575,830
brain_cortex,gene_777,0.00047998586867449046,0.00047998586867449046,831
brain_cortex,gene_517,0.00047965835271177883,0.00047965835271177883,832
brain_cortex,gene_315,0.0004794024856760007,0.0004794024856760007,833
brain_cortex,gene_19,-0.000478416256676894,0.000478416256676894,834
brain_cortex,gene_602,-0.0004771504301063872,0.0004771504301063872,835
brain_cortex,gene_130,-0.00046856152838065665,0.00046856152838065665,836
brain_cortex,gene_934,-0.000468324605781338,0.000468324605781338,837
brain_cortex,gene_872,0.0004670230236944978,0.0004670230236944978,838
brain_cortex,gene_300,-0.0004643400189051648,0.0004643400189051648,839
brain_cortex,gene_109,-0.00046213941113158654,0.00046213941113158654,840
brain_cortex,gene_609,0.00045751019813482945,0.00045751019813482945,841
brain_cortex,gene_380,-0.0004537758558383335,0.0004537758558383335,842
brain_cortex,gene_41,-0.00044261717609053264,0.00044261717609053264,843
brain_cortex,gene_899,0.0004419203347147923,0.0004419203347147923,844
brain_cortex,gene_115,0.00044161586840189967,0.00044161586840189967,845
brain_cortex,gene_407,0.00044136379329327846,0.00044136379329327846,846
brain_cortex,gene_207,0.00044092037988057846,0.00044092037988057846,847
brain_cortex,gene_752,0.00043938630233428255,0.00043938630233428255,848
brain_cortex,gene_960,0.00043881500732202033,0.00043881500732202033,849
brain_cortex,gene_772,0.0004386303484453341,0.0004386303484453341,850
brain_cortex,gene_343,-0.00043516254308079497,0.00043516254308079497,851
brain_cortex,gene_950,0.0004349768982696699,0.0004349768982696699,852
brain_cortex,gene_539,0.0004340322679357567,0.0004340322679357567,853
brain_cortex,gene_438,0.00043079694177302306,0.00043079694177302306,854
brain_cortex,gene_4,-0.00042931439399627276,0.00042931439399627276,855
brain_cortex,gene_604,0.0004254121180824067,0.0004254121180824067,856
brain_cortex,gene_756,-0.000423633653751548,0.000423633653751548,857
brain_cortex,gene_580,-0.00042316716907823113,0.00042316716907823113,858
brain_cortex,gene_808,0.00042169582953966453,0.00042169582953966453,859
brain_cortex,gene_77,-0.0004197442602020063,0.0004197442602020063,860
brain_cortex,gene_362,0.00041545771284864756,0.00041545771284864756,861
brain_cortex,gene_26,0.0004149028191929205,0.0004149028191929205,862
brain_cortex,gene_614,0.0004137406985038198,0.0004137406985038198,863
brain_cortex,gene_174,0.00041177141027968166,0.00041177141027968166,864
brain_cortex,gene_428,-0.0004108772456140415,0.0004108772456140415,865
brain_cortex,gene_693,0.0004077781237486035,0.0004077781237486035,866
brain_cortex,gene_706,0.00040703093257757523,0.00040703093257757523,867
brain_cortex,gene_619,-0.00039916649655713824,0.00039916649655713824,868
brain_cortex,gene_787,0.00039886238568323084,0.00039886238568323084,869
brain_cortex,gene_365,0.0003974756861630604,0.0003974756861630604,870
brain_cortex,gene_502,0.0003973634147295896,0.0003973634147295896,871
brain_cortex,gene_422,0.0003966211608241718,0.0003966211608241718,872
brain_cortex,gene_452,0.00039391790351106753,0.00039391790351106753,873
brain_cortex,gene_434,0.00039376572045372865,0.00039376572045372865,874
brain_cortex,gene_195,0.000393693720295431,0.000393693720295431,875
brain_cortex,gene_885,-0.00039247463938210593,0.00039247463938210593,876
brain_cortex,gene_741,0.00038593407278297723,0.00038593407278297723,877
brain_cortex,gene_363,-0.00037852624319210937,0.00037852624319210937,878
brain_cortex,gene_546,0.00037700103433642586,0.00037700103433642586,879
brain_cortex,gene_1003,0.0003732708801495762,0.0003732708801495762,880
brain_cortex,gene_875,-0.000367246323111874,0.000367246323111874,881
brain_cortex,gene_722,-0.0003664303154316159,0.0003664303154316159,882
brain_cortex,gene_849,0.0003660106851278437,0.0003660106851278437,883
brain_cortex,gene_403,0.00036545281875584356,0.00036545281875584356,884
brain_cortex,gene_91,-0.0003603704027071656,0.0003603704027071656,885
brain_cortex,gene_680,-0.00035615678937737363,0.00035615678937737363,886
brain_cortex,gene_140,-0.0003523271292973153,0.0003523271292973153,887
brain_cortex,gene_744,-0.0003437975365866839,0.0003437975365866839,888
brain_cortex,gene_548,-0.00033321410943830247,0.00033321410943830247,889
brain_cortex,gene_398,-0.00033066900400362037,0.00033066900400362037,890
brain_cortex,gene_69,-0.0003298385117988592,0.0003298385117988592,891
brain_cortex,gene_985,-0.00032920255756387426,0.00032920255756387426,892
brain_cortex,gene_1021,-0.0003290061208360618,0.0003290061208360618,893
brain_cortex,gene_418,-0.00032462176433357027,0.00032462176433357027,894
brain_cortex,gene_218,0.0003177897977848015,0.0003177897977848015,895
brain_cortex,gene_812,-0.00031075148045748863,0.00031075148045748863,896
brain_cortex,gene_425,-0.0003093991019948723,0.0003093991019948723,897
brain_cortex,gene_59,-0.0003073277312274617,0.0003073277312274617,898
brain_cortex,gene_106,-0.0003043659304532031,0.0003043659304532031,899
brain_cortex,gene_633,-0.0002954014807316079,0.0002954014807316079,900
brain_cortex,gene_982,-0.00029537982951169145,0.00029537982951169145,901
brain_cortex,gene_453,0.00029449263319415416,0.00029449263319415416,902
brain_cortex,gene_748,-0.00029212011470103024,0.00029212011470103024,903
brain_cortex,gene_949,0.0002896030413472202,0.0002896030413472202,904
brain_cortex,gene_144,0.00028232535533078546,0.00028232535533078546,905
brain_cortex,gene_248,0.0002781591600968938,0.0002781591600968938,906
brain_cortex,gene_237,-0.00027744939578375075,0.00027744939578375075,907
brain_cortex,gene_616,-0.0002653747285865291,0.0002653747285865291,908
brain_cortex,gene_992,0.00026493955950701717,0.00026493955950701717,909
brain_cortex,gene_559,0.00026376488244789036,0.00026376488244789036,910
brain_cortex,gene_556,-0.00026290565296594815,0.00026290565296594815,911
brain_cortex,gene_60,-0.00025469282823877275,0.00025469282823877275,912
brain_cortex,gene_421,0.0002502317196380713,0.0002502317196380713,913
brain_cortex,gene_943,0.0002478333380522278,0.0002478333380522278,914
brain_cortex,gene_640,-0.0002449329310786487,0.0002449329310786487,915
brain_cortex,gene_16,-0.0002446582388465255,0.0002446582388465255,916
brain_cortex,gene_516,-0.0002377700601632498,0.0002377700601632498,917
brain_cortex,gene_124,0.00023456623946830978,0.00023456623946830978,918
brain_cortex,gene_411,0.0002324804245390996,0.0002324804245390996,919
brain_cortex,gene_865,0.00023185546031745516,0.00023185546031745516,920
brain_cortex,gene_713,0.0002294213806601599,0.0002294213806601599,921
brain_cortex,gene_498,0.0002285064387494613,0.0002285064387494613,922
brain_cortex,gene_504,-0.00022831361411712993,0.00022831361411712993,923
brain_cortex,gene_631,0.00022553670177632415,0.00022553670177632415,924
brain_cortex,gene_439,-0.00022509049818144965,0.00022509049818144965,925
brain_cortex,gene_154,0.0002212231916534725,0.0002212231916534725,926
brain_cortex,gene_463,0.00021903332819557335,0.00021903332819557335,927
brain_cortex,gene_489,-0.00021784094930727706,0.00021784094930727706,928
brain_cortex,gene_61,-0.00021754787561214964,0.00021754787561214964,929
brain_cortex,gene_304,0.00021667707028634442,0.00021667707028634442,930
brain_cortex,gene_131,0.00021660658780286502,0.00021660658780286502,931
brain_cortex,gene_976,0.00020390949457573838,0.00020390949457573838,932
brain_cortex,gene_944,0.00020201438013174589,0.00020201438013174589,933
brain_cortex,gene_329,-0.00019976003755476398,0.00019976003755476398,934
brain_cortex,gene_511,0.00019960241580712517,0.00019960241580712517,935
brain_cortex,gene_605,-0.00019707569102926062,0.00019707569102926062,936
brain_cortex,gene_561,0.00019661069381087112,0.00019661069381087112,937
brain_cortex,gene_427,0.00019553053783754552,0.00019553053783754552,938
brain_cortex,gene_287,0.00019449676834705542,0.00019449676834705542,939
brain_cortex,gene_918,-0.00019339615560754137,0.00019339615560754137,940
brain_cortex,gene_145,0.00019320066529966972,0.00019320066529966972,941
brain_cortex,gene_811,-0.0001926749460944982,0.0001926749460944982,942
brain_cortex,gene_717,-0.0001910585611062741,0.0001910585611062741,943
brain_cortex,gene_199,-0.00018821798201807164,0.00018821798201807164,944
brain_cortex,gene_7,0.00018736578252015392,0.00018736578252015392,945
brain_cortex,gene_527,-0.0001863297491988082,0.0001863297491988082,946
brain_cortex,gene_483,-0.00017806170174922684,0.00017806170174922684,947
brain_cortex,gene_198,0.00017696888604700227,0.00017696888604700227,948
brain_cortex,gene_562,-0.00017679177849530038,0.00017679177849530038,949
brain_cortex,gene_512,0.00017296397184549464,0.00017296397184549464,950
brain_cortex,gene_842,-0.0001716478353976014,0.0001716478353976014,951
brain_cortex,gene_830,-0.0001693719924855464,0.0001693719924855464,952
brain_cortex,gene_167,0.0001584394808615741,0.0001584394808615741,953
brain_cortex,gene_843,-0.00015708027808836183,0.00015708027808836183,954
brain_cortex,gene_726,0.00015352522779630727,0.00015352522779630727,955
brain_cortex,gene_978,0.00015056113130457248,0.00015056113130457248,956
brain_cortex,gene_491,-0.00014471318959258152,0.00014471318959258152,957
brain_cortex,gene_861,0.00014331881035073495,0.00014331881035073495,958
brain_cortex,gene_738,0.00014305913433511997,0.00014305913433511997,959
brain_cortex,gene_499,0.00014268226439956202,0.00014268226439956202,960
brain_cortex,gene_27,0.0001390715446220959,0.0001390715446220959,961
brain_cortex,gene_249,0.00013632166840045002,0.00013632166840045002,962
brain_cortex,gene_496,-0.00013335023016437586,0.00013335023016437586,963
brain_cortex,gene_79,0.00013283445929467203,0.00013283445929467203,964
brain_cortex,gene_645,-0.0001312664558749438,0.0001312664558749438,965
brain_cortex,gene_325,-0.0001294889639488813,0.0001294889639488813,966
brain_cortex,gene_121,0.0001235203825256456,0.0001235203825256456,967
brain_cortex,gene_993,0.0001228989749918697,0.0001228989749918697,968
brain_cortex,gene_12,0.00012263207912248343,0.00012263207912248343,969
brain_cortex,gene_213,0.00012182511128359962,0.00012182511128359962,970
brain_cortex,gene_270,-0.00012033819618012434,0.00012033819618012434,971
brain_cortex,gene_275,-0.00011908168440430953,0.00011908168440430953,972
brain_cortex,gene_341,-0.00011893312719682306,0.00011893312719682306,973
brain_cortex,gene_563,0.00011803769391281131,0.00011803769391281131,974
brain_cortex,gene_687,-0.0001171631504204981,0.0001171631504204981,975
brain_cortex,gene_62,-0.00011622136803415449,0.00011622136803415449,976
brain_cortex,gene_250,0.00011509995081407246,0.00011509995081407246,977
brain_cortex,gene_9,0.00011070479314904058,0.00011070479314904058,978
brain_cortex,gene_579,0.00010926815296617731,0.00010926815296617731,979
brain_cortex,gene_351,0.00010864245804605187,0.00010864245804605187,980
brain_cortex,gene_161,-0.00010746383497318589,0.00010746383497318589,981
brain_cortex,gene_472,-0.00010502824751724093,0.00010502824751724093,982
brain_cortex,gene_401,0.00010273123392311677,0.00010273123392311677,983
brain_cortex,gene_824,-9.908538328858409e-05,9.908538328858409e-05,984
brain_cortex,gene_56,9.745462545976814e-05,9.745462545976814e-05,985
brain_cortex,gene_632,9.654469624366773e-05,9.654469624366773e-05,986
brain_cortex,gene_970,-9.36577208979425e-05,9.36577208979425e-05,987
brain_cortex,gene_694,9.248423228303557e-05,9.248423228303557e-05,988
brain_cortex,gene_956,9.244817836656877e-05,9.244817836656877e-05,989
brain_cortex,gene_911,-8.893862423167763e-05,8.893862423167763e-05,990
brain_cortex,gene_999,-8.793607436681527e-05,8.793607436681527e-05,991
brain_cortex,gene_803,-8.325411465184038e-05,8.325411465184038e-05,992
brain_cortex,gene_102,-8.176012133985174e-05,8.176012133985174e-05,993
brain_cortex,gene_634,-7.237311994527423e-05,7.237311994527423e-05,994
brain_cortex,gene_459,7.175316351930696e-05,7.175316351930696e-05,995
brain_cortex,gene_92,-7.044100643329847e-05,7.044100643329847e-05,996
brain_cortex,gene_1008,-7.041867970634328e-05,7.041867970634328e-05,997
brain_cortex,gene_97,6.897315517200053e-05,6.897315517200053e-05,998
brain_cortex,gene_192,6.86081047735612e-05,6.86081047735612e-05,999
brain_cortex,gene_662,6.836064438283659e-05,6.836064438283659e-05,1000
brain_cortex,gene_432,-5.84064521177677e-05,5.84064521177677e-05,1001
brain_cortex,gene_384,5.7730541889650534e-05,5.7730541889650534e-05,1002
brain_cortex,gene_981,-5.584635011039881e-05,5.584635011039881e-05,1003
brain_cortex,gene_508,-5.276670428187315e-05,5.276670428187315e-05,1004
brain_cortex,gene_367,-4.961778738904644e-05,4.961778738904644e-05,1005
brain_cortex,gene_118,4.733796063123661e-05,4.733796063123661e-05,1006
brain_cortex,gene_704,4.4828062536037775e-05,4.4828062536037775e-05,1007
brain_cortex,gene_224,-4.0682200207199236e-05,4.0682200207199236e-05,1008
brain_cortex,gene_152,-4.065492200097144e-05,4.065492200097144e-05,1009
brain_cortex,gene_310,-3.4018979466224624e-05,3.4018979466224624e-05,1010
brain_cortex,gene_197,-3.274534551760003e-05,3.274534551760003e-05,1011
brain_cortex,gene_886,3.254341185242977e-05,3.254341185242977e-05,1012
brain_cortex,gene_941,2.592658447446829e-05,2.592658447446829e-05,1013
brain_cortex,gene_356,2.3835464228954802e-05,2.3835464228954802e-05,1014
brain_cortex,gene_519,2.295908749355886e-05,2.295908749355886e-05,1015
brain_cortex,gene_400,-2.119376980325616e-05,2.119376980325616e-05,1016
brain_cortex,gene_524,-1.9195915997114485e-05,1.9195915997114485e-05,1017
brain_cortex,gene_575,1.7721395890899438e-05,1.7721395890899438e-05,1018
brain_cortex,gene_599,-1.6757332880291964e-05,1.6757332880291964e-05,1019
brain_cortex,gene_187,1.4789961885551539e-05,1.4789961885551539e-05,1020
brain_cortex,gene_132,1.3918588269312086e-05,1.3918588269312086e-05,1021
brain_cortex,gene_742,9.312277811839758e-06,9.312277811839758e-06,1022
brain_cortex,gene_148,-6.976204459507602e-06,6.976204459507602e-06,1023
brain_cortex,gene_544,2.6927951036915393e-06,2.6927951036915393e-06,1024
